Workbook

Sheet Ticket
A1: ticket_id | B1: created_at | C1: closed_at | D1: outlet_id | E1: cms_id | F1: same_day | G1: same_hour
A2: t1 | B2: 44427.698 | C2: 44427.823 | D2: o1 | E2: c1 | F2: =INT(B2) = INT(C2) -> TRUE | G2: =LEFT(B2,13)=LEFT(C2,13) -> FALSE
A3: t2 | B3: 44429.823 | C3: 44430.948 | D3: o2 | E3: c2 | F3: =INT(B3) = INT(C3) -> FALSE | G3: =AND(INT(B3)=INT(C3), HOUR(B3)=HOUR(C3)) -> FALSE
A4: t3 | B4: 44429.866 | C4: 44429.992 | D4: o3 | E4: c3 | F4: =INT(B4) = INT(C4) -> TRUE | G4: =AND(INT(B4)=INT(C4), HOUR(B4)=HOUR(C4)) -> FALSE
A5: t4 | B5: 44430.281 | C5: 44430.479 | D5: o4 | E5: c4 | F5: =INT(B5) = INT(C5) -> TRUE | G5: =AND(INT(B5)=INT(C5), HOUR(B5)=HOUR(C5)) -> FALSE
A6: t5 | B6: 44431.224 | C6: 44431.531 | D6: o5 | E6: c5 | F6: =INT(B6) = INT(C6) -> TRUE | G6: =AND(INT(B6)=INT(C6), HOUR(B6)=HOUR(C6)) -> FALSE
A7: t6 | B7: 44432.698 | C7: 44432.705 | D7: o6 | E7: c6 | F7: =INT(B7) = INT(C7) -> TRUE | G7: =AND(INT(B7)=INT(C7), HOUR(B7)=HOUR(C7)) -> TRUE
A8: t7 | B8: 44433.815 | C8: 44433.99 | D8: o7 | E8: c7 | F8: =INT(B8) = INT(C8) -> TRUE | G8: =AND(INT(B8)=INT(C8), HOUR(B8)=HOUR(C8)) -> FALSE
A9: t8 | B9: 44434.115 | C9: 44434.247 | D9: o8 | E9: c8 | F9: =INT(B9) = INT(C9) -> TRUE | G9: =AND(INT(B9)=INT(C9), HOUR(B9)=HOUR(C9)) -> FALSE
A10: t9 | B10: 44435.698 | C10: 44435.733 | D10: o9 | E10: c9 | F10: =INT(B10) = INT(C10) -> TRUE | G10: =AND(INT(B10)=INT(C10), HOUR(B10)=HOUR(C10)) -> FALSE
A11: t10 | B11: 44436.466 | C11: 44436.698 | D11: o10 | E11: c10 | F11: =INT(B11) = INT(C11) -> TRUE | G11: =AND(INT(B11)=INT(C11), HOUR(B11)=HOUR(C11)) -> FALSE
A12: t11 | B12: 44437.71 | C12: 44437.934 | D12: o11 | E12: c11 | F12: =INT(B12) = INT(C12) -> TRUE | G12: =AND(INT(B12)=INT(C12), HOUR(B12)=HOUR(C12)) -> FALSE
A13: t12 | B13: 44438.349 | C13: 44438.698 | D13: o12 | E13: c12 | F13: =INT(B13) = INT(C13) -> TRUE | G13: =AND(INT(B13)=INT(C13), HOUR(B13)=HOUR(C13)) -> FALSE
A14: t13 | B14: 44439.198 | C14: 44439.26 | D14: o13 | E14: c13 | F14: =INT(B14) = INT(C14) -> TRUE | G14: =AND(INT(B14)=INT(C14), HOUR(B14)=HOUR(C14)) -> FALSE
A15: t14 | B15: 44440.622 | C15: 44440.698 | D15: o14 | E15: c14 | F15: =INT(B15) = INT(C15) -> TRUE | G15: =AND(INT(B15)=INT(C15), HOUR(B15)=HOUR(C15)) -> FALSE

Sheet Feedback
A1: cms_id | B1: feedback_at | C1: rating | D1: ticket_created_at
A2: c1 | B2: 44429.56 | C2: 3 | D2: =_xlfn.XLOOKUP(A2, Ticket!E:E, Ticket!B:B) -> 44427.698
A3: c2 | B3: 44430.417 | C3: 4 | D3: =_xlfn.XLOOKUP(A3, Ticket!E:E, Ticket!B:B) -> 44429.823
A4: c3 | B4: 44429.458 | C4: 5 | D4: =_xlfn.XLOOKUP(A4, Ticket!E:E, Ticket!B:B) -> 44429.866
A5: c4 | B5: 44430.5 | C5: 2 | D5: =_xlfn.XLOOKUP(A5, Ticket!E:E, Ticket!B:B) -> 44430.281
A6: c5 | B6: 44431.069 | C6: 5 | D6: =_xlfn.XLOOKUP(A6, Ticket!E:E, Ticket!B:B) -> 44431.224
A7: c6 | B7: 44432.167 | C7: 3 | D7: =_xlfn.XLOOKUP(A7, Ticket!E:E, Ticket!B:B) -> 44432.698
A8: c7 | B8: 44433.49 | C8: 4 | D8: =_xlfn.XLOOKUP(A8, Ticket!E:E, Ticket!B:B) -> 44433.815
A9: c8 | B9: 44434.599 | C9: 2 | D9: =_xlfn.XLOOKUP(A9, Ticket!E:E, Ticket!B:B) -> 44434.115
A10: c9 | B10: 44435.882 | C10: 5 | D10: =_xlfn.XLOOKUP(A10, Ticket!E:E, Ticket!B:B) -> 44435.698
A11: c10 | B11: 44436.458 | C11: 3 | D11: =_xlfn.XLOOKUP(A11, Ticket!E:E, Ticket!B:B) -> 44436.466
A12: c11 | B12: 44437.473 | C12: 5 | D12: =_xlfn.XLOOKUP(A12, Ticket!E:E, Ticket!B:B) -> 44437.71
A13: c12 | B13: 44438.632 | C13: 4 | D13: =_xlfn.XLOOKUP(A13, Ticket!E:E, Ticket!B:B) -> 44438.349
... A15: c14 | B15: 44440.444 | C15: 3 | D15: =_xlfn.XLOOKUP(A15, Ticket!E:E, Ticket!B:B) -> 44440.622

Sheet Summary
A1: outlet_id | B1: Sameday count | C1: same hour count
A2: o1 | B2: =COUNTIFS(Ticket!D:D, A2, Ticket!F:F, TRUE) -> 1 | C2: =COUNTIFS(Ticket!D:D, A2, Ticket!G:G, TRUE) -> 0
A3: o2 | B3: =COUNTIFS(Ticket!D:D, A3, Ticket!F:F, TRUE) -> 0 | C3: =COUNTIFS(Ticket!D:D, A3, Ticket!G:G, TRUE) -> 0
A4: o3 | B4: =COUNTIFS(Ticket!D:D, A4, Ticket!F:F, TRUE) -> 1 | C4: =COUNTIFS(Ticket!D:D, A4, Ticket!G:G, TRUE) -> 0
A5: o4 | B5: =COUNTIFS(Ticket!D:D, A5, Ticket!F:F, TRUE) -> 1 | C5: =COUNTIFS(Ticket!D:D, A5, Ticket!G:G, TRUE) -> 0
A6: o5 | B6: =COUNTIFS(Ticket!D:D, A6, Ticket!F:F, TRUE) -> 1 | C6: =COUNTIFS(Ticket!D:D, A6, Ticket!G:G, TRUE) -> 0
A7: o6 | B7: =COUNTIFS(Ticket!D:D, A7, Ticket!F:F, TRUE) -> 1 | C7: =COUNTIFS(Ticket!D:D, A7, Ticket!G:G, TRUE) -> 1
A8: o7 | B8: =COUNTIFS(Ticket!D:D, A8, Ticket!F:F, TRUE) -> 1 | C8: =COUNTIFS(Ticket!D:D, A8, Ticket!G:G, TRUE) -> 0
A9: o8 | B9: =COUNTIFS(Ticket!D:D, A9, Ticket!F:F, TRUE) -> 1 | C9: =COUNTIFS(Ticket!D:D, A9, Ticket!G:G, TRUE) -> 0
A10: o9 | B10: =COUNTIFS(Ticket!D:D, A10, Ticket!F:F, TRUE) -> 1 | C10: =COUNTIFS(Ticket!D:D, A10, Ticket!G:G, TRUE) -> 0
A11: o10 | B11: =COUNTIFS(Ticket!D:D, A11, Ticket!F:F, TRUE) -> 1 | C11: =COUNTIFS(Ticket!D:D, A11, Ticket!G:G, TRUE) -> 0
A12: o11 | B12: =COUNTIFS(Ticket!D:D, A12, Ticket!F:F, TRUE) -> 1 | C12: =COUNTIFS(Ticket!D:D, A12, Ticket!G:G, TRUE) -> 0
A13: o12 | B13: =COUNTIFS(Ticket!D:D, A13, Ticket!F:F, TRUE) -> 1 | C13: =COUNTIFS(Ticket!D:D, A13, Ticket!G:G, TRUE) -> 0
... A15: o14 | B15: =COUNTIFS(Ticket!D:D, A15, Ticket!F:F, TRUE) -> 1 | C15: =COUNTIFS(Ticket!D:D, A15, Ticket!G:G, TRUE) -> 0
